<exporter version="1.0">
  <!-- identifier of the exporter -->
  <name>myExporter</name>
 
  <!-- display name of the exporter for the combo box -->
  <displayName>_MarbleGame Exporter</displayName>
 
  <!-- description of the exporter -->
  <description>Exporter for the MarbleGame project</description>
 
  <!-- exporter version -->
  <version>1.0</version>
 
  <!-- currently only one file allowed -
       more to come soon -->
  <files>
      <file>
          <!-- name of this file variable -->
          <name>maintext</name>
 
          <!-- human readable name (for GUI) -->
          <displayName>_Cocos2D exporter for MarbleGame</displayName>
 
          <!-- file extension for the file -->
          <fileExtension>plist</fileExtension>
 
          <!-- name of the template file -->
          <template>testexporter.plist</template>
      </file>
  </files>
 
  <!-- target framework supports trimming -->
  <supportsTrimming>yes</supportsTrimming>
 
  <!-- target framework supports rotated sprites -->
  <supportsRotation>yes</supportsRotation>
 
  <!-- rotated sprites direction (cw/ccw) -->
  <rotationDirection>cw</rotationDirection>
 
  <!-- supports npot sizes -->
  <supportsNPOT>yes</supportsNPOT>
 
  <!-- supports file name stripping (remove .png etc.) -->
  <supportsTrimSpriteNames>yes</supportsTrimSpriteNames>
 
  <!-- supports texture subpath -->
  <supportsTextureSubPath>yes</supportsTextureSubPath>
</exporter>